Frame,Current_Loudness,Baseline_Loudness,Delta_Loudness,Baseline_Loudness_Deviation,Loudness_Category
199,-6.0099387,-6.010744094848633,0.00080537796,0.0014619827270507812,No Significant Change
200,-6.011404,-6.010704040527344,-0.00069999695,0.0014291524421423674,No Significant Change
201,-6.01,-6.010738849639893,0.00073862076,0.0013926946558058262,No Significant Change
202,-6.0113373,-6.010701656341553,-0.00063562393,0.0013599909143522382,No Significant Change
203,-6.0100965,-6.010733127593994,0.0006365776,0.0013237724779173732,No Significant Change
204,-6.011244,-6.0107011795043945,-0.0005426407,0.001289412728510797,No Significant Change
205,-6.0101614,-6.010728359222412,0.0005669594,0.0012520740274339914,No Significant Change
206,-6.011177,-6.01069974899292,-0.000477314,0.0012178182369098067,No Significant Change
207,-6.0102644,-6.01072359085083,0.00045919418,0.001180793042294681,No Significant Change
208,-6.0110855,-6.010700702667236,-0.0003848076,0.0011447130236774683,No Significant Change
209,-6.010334,-6.0107197761535645,0.00038576126,0.0011067178566008806,No Significant Change
210,-6.011015,-6.010700225830078,-0.00031471252,0.001070669968612492,No Significant Change
211,-6.0104246,-6.010715961456299,0.0002913475,0.001032872125506401,No Significant Change
212,-6.0109158,-6.010701656341553,-0.00021409988,0.001,No Significant Change
213,-6.0104947,-6.010712146759033,0.00021743774,0.001,No Significant Change
214,-6.0108447,-6.0107011795043945,-0.00014352798,0.001,No Significant Change
215,-6.0105934,-6.010708332061768,0.000114917755,0.001,No Significant Change
216,-6.0107465,-6.010702610015869,-4.386902e-05,0.001,No Significant Change
217,-6.010661,-6.010704517364502,4.339218e-05,0.001,No Significant Change
218,-6.0106716,-6.010702133178711,3.0517578e-05,0.001,No Significant Change
219,-6.0107536,-6.010700702667236,-5.2928925e-05,0.001,No Significant Change
220,-6.0105667,-6.010703086853027,0.00013637543,0.001,No Significant Change
221,-6.0108156,-6.0106964111328125,-0.00011920929,0.001,No Significant Change
222,-6.0104866,-6.010702610015869,0.00021600723,0.001,No Significant Change
223,-6.0109053,-6.0106916427612305,-0.00021362305,0.001,No Significant Change
224,-6.010389,-6.010702133178711,0.000313282,0.001,No Significant Change
225,-6.0109735,-6.01068639755249,-0.00028705597,0.001,No Significant Change
226,-6.0103087,-6.010700702667236,0.00039196014,0.001,No Significant Change
227,-6.011059,-6.01068115234375,-0.00037765503,0.001,No Significant Change
228,-6.0102053,-6.01069974899292,0.00049448013,0.001,No Significant Change
229,-6.0111217,-6.010674953460693,-0.00044679642,0.001,No Significant Change
230,-6.0101347,-6.010697364807129,0.00056266785,0.001,No Significant Change
231,-6.011214,-6.010669231414795,-0.00054454803,0.001,No Significant Change
232,-6.010039,-6.0106964111328125,0.00065755844,0.001,No Significant Change
233,-6.011288,-6.0106635093688965,-0.0006246567,0.001,No Significant Change
234,-6.009984,-6.01069450378418,0.00071048737,0.001,No Significant Change
235,-6.0113864,-6.010659217834473,-0.00072717667,0.001,No Significant Change
236,-6.0098953,-6.010695934295654,0.0008006096,0.001,No Significant Change
237,-6.011453,-6.010655879974365,-0.0007972717,0.001,No Significant Change
238,-6.0098333,-6.010695934295654,0.0008625984,0.001,No Significant Change
239,-6.0115457,-6.010653018951416,-0.00089263916,0.001,No Significant Change
240,-6.009746,-6.010697364807129,0.00095129013,0.001,No Significant Change
241,-6.0116076,-6.010650157928467,-0.000957489,0.001,No Significant Change
242,-6.0096874,-6.010698318481445,0.0010108948,0.001,No Significant Change
243,-6.0116906,-6.010647773742676,-0.0010428429,0.0010005447547882795,No Significant Change
244,-6.0095973,-6.01069974899292,0.0011024475,0.0010026596719399095,No Significant Change
245,-6.0117493,-6.010644435882568,-0.0011048317,0.00100764911621809,No Significant Change
246,-6.0095387,-6.01069974899292,0.0011610985,0.0010125082917511463,No Significant Change
247,-6.011821,-6.010641574859619,-0.0011792183,0.0010199378011748195,No Significant Change
248,-6.0094476,-6.010700702667236,0.001253128,0.001027901773341,No Significant Change
249,-6.011881,-6.0106377601623535,-0.0012431145,0.0010391630930826068,No Significant Change
250,-6.0094028,-6.01069974899292,0.0012969971,0.0010493607260286808,No Significant Change
251,-6.0119534,-6.010634899139404,-0.0013184547,0.0010617425432428718,No Significant Change
252,-6.0093217,-6.010700702667236,0.0013790131,0.0010745781473815441,No Significant Change
253,-6.012008,-6.010631561279297,-0.0013766289,0.0010897999163717031,No Significant Change
254,-6.0092764,-6.010700702667236,0.0014243126,0.001104141352698207,No Significant Change
255,-6.0120754,-6.010629177093506,-0.0014462471,0.0011201499728485942,No Significant Change
256,-6.009202,-6.010701656341553,0.0014996529,0.0011364547535777092,No Significant Change
257,-6.012125,-6.010626792907715,-0.0014982224,0.0011546146124601364,No Significant Change
258,-6.0091634,-6.010701656341553,0.0015382767,0.0011717950692400336,No Significant Change
259,-6.012186,-6.010624408721924,-0.0015616417,0.0011901191901415586,No Significant Change
260,-6.009093,-6.010702133178711,0.0016093254,0.001208695350214839,No Significant Change
261,-6.0122294,-6.010621547698975,-0.0016078949,0.0012287268182262778,No Significant Change
262,-6.009054,-6.010702133178711,0.0016479492,0.0012476852862164378,No Significant Change
263,-6.0122824,-6.010619640350342,-0.0016627312,0.0012676984770223498,No Significant Change
264,-6.0089912,-6.010703086853027,0.0017118454,0.0012874501990154386,No Significant Change
265,-6.012323,-6.010617256164551,-0.0017056465,0.001308669918216765,No Significant Change
266,-6.0089626,-6.010702610015869,0.0017399788,0.0013285188470035791,No Significant Change
267,-6.0123706,-6.010615348815918,-0.0017552376,0.0013490918790921569,No Significant Change
268,-6.008898,-6.010703086853027,0.0018053055,0.0013693991350010037,No Significant Change
269,-6.012398,-6.010612964630127,-0.0017848015,0.0013911945279687643,No Significant Change
270,-6.0088797,-6.010702610015869,0.0018229485,0.0014108747709542513,No Significant Change
271,-6.0124474,-6.010611534118652,-0.0018358231,0.0014314784202724695,No Significant Change
272,-6.008834,-6.0107035636901855,0.0018696785,0.0014516956871375442,No Significant Change
273,-6.0124807,-6.010610103607178,-0.0018706322,0.0014725947985425591,No Significant Change
274,-6.0088215,-6.0107035636901855,0.0018820763,0.0014924965798854828,No Significant Change
275,-6.012516,-6.0106096267700195,-0.001906395,0.0015119756571948528,No Significant Change
276,-6.0087767,-6.01070499420166,0.0019283295,0.0015316965291276574,No Significant Change
277,-6.0125375,-6.010608673095703,-0.0019288063,0.0015515281120315194,No Significant Change
278,-6.008769,-6.01070499420166,0.0019359589,0.001570392050780356,No Significant Change
279,-6.012564,-6.010608196258545,-0.001955986,0.001588670420460403,No Significant Change
280,-6.008733,-6.010705947875977,0.0019731522,0.001607036218047142,No Significant Change
281,-6.012585,-6.0106072425842285,-0.0019779205,0.0016253419453278184,No Significant Change
282,-6.008734,-6.010705947875977,0.0019717216,0.001642970833927393,No Significant Change
283,-6.012603,-6.0106072425842285,-0.0019955635,0.0016594083281233907,No Significant Change
284,-6.0086975,-6.010706901550293,0.0020093918,0.0016762161394581199,No Significant Change
285,-6.0126076,-6.01060676574707,-0.0020008087,0.0016928749391809106,No Significant Change
286,-6.0087037,-6.010706901550293,0.002003193,0.0017082716803997755,No Significant Change
287,-6.012619,-6.01060676574707,-0.0020122528,0.0017230177763849497,No Significant Change
288,-6.0086794,-6.010707378387451,0.0020279884,0.0017374795861542225,No Significant Change
289,-6.0126233,-6.010606288909912,-0.0020170212,0.0017520049586892128,No Significant Change
290,-6.0086937,-6.010706901550293,0.0020132065,0.0017652558162808418,No Significant Change
291,-6.0126266,-6.010606288909912,-0.002020359,0.0017776533495634794,No Significant Change
292,-6.008677,-6.010707378387451,0.0020303726,0.0017897887155413628,No Significant Change
293,-6.0126247,-6.010605812072754,-0.0020189285,0.00180181791074574,No Significant Change
294,-6.0086956,-6.010706424713135,0.0020108223,0.001812673406675458,No Significant Change
295,-6.012617,-6.010605812072754,-0.0020112991,0.0018225809326395392,No Significant Change
296,-6.0086875,-6.010706424713135,0.0020189285,0.0018320167437195778,No Significant Change
297,-6.0126143,-6.010605812072754,-0.002008438,0.0018413623329252005,No Significant Change
298,-6.0087185,-6.010705947875977,0.0019874573,0.0018497161800041795,No Significant Change
299,-6.0125995,-6.01060676574707,-0.0019927025,0.0018566031940281391,No Significant Change
300,-6.0087132,-6.010706424713135,0.0019931793,0.0018634081352502108,No Significant Change
301,-6.0125833,-6.01060676574707,-0.00197649,0.0018698966596275568,No Significant Change
302,-6.0087495,-6.010705471038818,0.001955986,0.0018752263858914375,No Significant Change
303,-6.0125628,-6.010607719421387,-0.0019550323,0.0018792643677443266,No Significant Change
304,-6.0087543,-6.010705471038818,0.0019512177,0.0018830527551472187,No Significant Change
305,-6.012544,-6.010608196258545,-0.0019359589,0.0018864610465243459,No Significant Change
306,-6.008794,-6.01070499420166,0.0019111633,0.0018889359198510647,No Significant Change
307,-6.0125074,-6.0106096267700195,-0.0018978119,0.0018900472205132246,No Significant Change
308,-6.008804,-6.010704517364502,0.0019006729,0.0018904354656115174,No Significant Change
309,-6.0124893,-6.0106096267700195,-0.0018796921,0.0018909473437815905,No Significant Change
310,-6.008861,-6.0107035636901855,0.0018424988,0.001890384592115879,No Significant Change
311,-6.012458,-6.010611534118652,-0.0018463135,0.0018879902781918645,No Significant Change
312,-6.0088854,-6.010704040527344,0.0018186569,0.0018859064439311624,No Significant Change
313,-6.012428,-6.010612964630127,-0.0018148422,0.0018825439037755132,No Significant Change
314,-6.008939,-6.010704040527344,0.0017652512,0.0018791588954627514,No Significant Change
315,-6.0123787,-6.010615825653076,-0.001762867,0.0018734635086730123,No Significant Change
316,-6.00896,-6.010704040527344,0.0017442703,0.0018679337808862329,No Significant Change
317,-6.0123444,-6.010616779327393,-0.001727581,0.0018617506138980389,No Significant Change
318,-6.0090275,-6.010703086853027,0.0016756058,0.00185504206456244,No Significant Change
319,-6.012299,-6.010619163513184,-0.0016798973,0.0018460702849552035,No Significant Change
320,-6.0090585,-6.010703086853027,0.0016446114,0.0018377616070210934,No Significant Change
321,-6.01225,-6.010620594024658,-0.0016293526,0.0018281040247529745,No Significant Change
322,-6.009121,-6.010702133178711,0.001581192,0.0018181664636358619,No Significant Change
323,-6.0121922,-6.010622978210449,-0.0015692711,0.0018063177121803164,No Significant Change
324,-6.0091634,-6.0107011795043945,0.0015377998,0.0017944653518497944,No Significant Change
325,-6.012148,-6.010623931884766,-0.0015239716,0.0017816320760175586,No Significant Change
326,-6.0092354,-6.01069974899292,0.0014643669,0.0017687490908429027,No Significant Change
327,-6.0120826,-6.010626316070557,-0.0014562607,0.0017535299994051456,No Significant Change
328,-6.0092745,-6.010699272155762,0.0014247894,0.00173866655677557,No Significant Change
329,-6.012024,-6.010627746582031,-0.0013961792,0.0017229726072400808,No Significant Change
330,-6.009345,-6.010697364807129,0.0013523102,0.0017066329019144177,No Significant Change
331,-6.0119467,-6.010629653930664,-0.0013170242,0.0016889168182387948,No Significant Change
332,-6.0093884,-6.010695457458496,0.0013070107,0.0016703222645446658,No Significant Change
333,-6.011891,-6.010630130767822,-0.0012607574,0.001652156701311469,No Significant Change
334,-6.0094714,-6.010693073272705,0.0012216568,0.0016325867036357522,No Significant Change
335,-6.011817,-6.010632038116455,-0.0011849403,0.001612040214240551,No Significant Change
336,-6.0095253,-6.0106916427612305,0.0011663437,0.0015906852204352617,No Significant Change
337,-6.011756,-6.0106329917907715,-0.0011229515,0.0015694681787863374,No Significant Change
338,-6.0096097,-6.010688781738281,0.0010790825,0.0015471423976123333,No Significant Change
339,-6.011674,-6.010634899139404,-0.0010390282,0.0015237393090501428,No Significant Change
340,-6.009662,-6.010686874389648,0.001024723,0.0014995037345215678,No Significant Change
341,-6.0116105,-6.010635852813721,-0.00097465515,0.0014757646713405848,No Significant Change
342,-6.009756,-6.010684490203857,0.00092840195,0.0014507091837003827,No Significant Change
343,-6.011522,-6.010638236999512,-0.00088357925,0.0014245938509702682,No Significant Change
344,-6.009805,-6.010682582855225,0.0008773804,0.0013975431211292744,No Significant Change
345,-6.0114484,-6.01063871383667,-0.0008096695,0.0013715350069105625,No Significant Change
346,-6.009894,-6.010679244995117,0.0007853508,0.0013434416614472866,No Significant Change
347,-6.0113583,-6.0106401443481445,-0.00071811676,0.001315537141636014,No Significant Change
348,-6.0099554,-6.010676383972168,0.0007209778,0.0012856661342084408,No Significant Change
349,-6.011288,-6.0106401443481445,-0.0006480217,0.0012574318097904325,No Significant Change
350,-6.010051,-6.010672569274902,0.00062179565,0.0012269612634554505,No Significant Change
351,-6.011197,-6.010641098022461,-0.0005559921,0.0011967029422521591,No Significant Change
352,-6.010115,-6.010669231414795,0.0005540848,0.0011646674247458577,No Significant Change
353,-6.011126,-6.010641574859619,-0.00048446655,0.0011341383215039968,No Significant Change
354,-6.0102105,-6.0106658935546875,0.0004553795,0.0011016547214239836,No Significant Change
355,-6.011032,-6.010643005371094,-0.00038909912,0.0010693409712985158,No Significant Change
356,-6.010279,-6.010662078857422,0.00038290024,0.0010353289544582367,No Significant Change
357,-6.0109634,-6.0106425285339355,-0.0003209114,0.0010027075186371803,No Significant Change
358,-6.0103774,-6.010658264160156,0.0002808571,0.001,No Significant Change
359,-6.0108657,-6.010644435882568,-0.00022125244,0.001,No Significant Change
360,-6.0104504,-6.010655403137207,0.00020503998,0.001,No Significant Change
361,-6.010803,-6.010644912719727,-0.00015830994,0.001,No Significant Change
362,-6.0105553,-6.010652542114258,9.727478e-05,0.001,No Significant Change
363,-6.0107126,-6.010647296905518,-6.532669e-05,0.001,No Significant Change
364,-6.0106316,-6.010650634765625,1.9073486e-05,0.001,No Significant Change
365,-6.0106416,-6.010649681091309,8.106232e-06,0.001,No Significant Change
366,-6.0107255,-6.01064920425415,-7.6293945e-05,0.001,No Significant Change
367,-6.01054,-6.010653018951416,0.00011301041,0.001,No Significant Change
368,-6.010794,-6.010647296905518,-0.00014686584,0.001,No Significant Change
369,-6.01047,-6.010654449462891,0.00018453598,0.001,No Significant Change
370,-6.010893,-6.010644912719727,-0.00024795532,0.001,No Significant Change
371,-6.010375,-6.01065731048584,0.0002822876,0.001,No Significant Change
372,-6.0109673,-6.010643005371094,-0.00032424927,0.001,No Significant Change
373,-6.01031,-6.010659217834473,0.0003490448,0.001,No Significant Change
374,-6.0110645,-6.010642051696777,-0.00042247772,0.001,No Significant Change
375,-6.010222,-6.010663032531738,0.00044107437,0.001,No Significant Change
376,-6.011152,-6.010640621185303,-0.00051116943,0.001,No Significant Change
377,-6.010167,-6.010666370391846,0.0004992485,0.001,No Significant Change
378,-6.011248,-6.010641574859619,-0.00060653687,0.001,No Significant Change
379,-6.0100718,-6.010672092437744,0.000600338,0.001,No Significant Change
380,-6.0113163,-6.010642051696777,-0.00067424774,0.001,No Significant Change
381,-6.0100055,-6.010675430297852,0.0006699562,0.001,No Significant Change
382,-6.011404,-6.010642051696777,-0.0007619858,0.001,No Significant Change
383,-6.009912,-6.010679721832275,0.0007677078,0.001,No Significant Change
384,-6.011472,-6.010641574859619,-0.00083065033,0.001,No Significant Change
385,-6.0098486,-6.010683536529541,0.00083494186,0.001,No Significant Change
386,-6.0115557,-6.010641574859619,-0.00091409683,0.001,No Significant Change
387,-6.0097547,-6.010687351226807,0.0009326935,0.001,No Significant Change
388,-6.011619,-6.010640621185303,-0.0009784698,0.001,No Significant Change
389,-6.0096974,-6.010689735412598,0.0009922981,0.001,No Significant Change
390,-6.0117054,-6.0106401443481445,-0.0010652542,0.001,No Significant Change
391,-6.0096145,-6.010693550109863,0.0010790825,0.001003262703306973,No Significant Change
392,-6.0117717,-6.010639667510986,-0.0011320114,0.0010070536518469453,No Significant Change
393,-6.0095644,-6.0106964111328125,0.0011320114,0.001013301545754075,No Significant Change
394,-6.011851,-6.0106401443481445,-0.0012106895,0.0010192370973527431,No Significant Change
395,-6.009479,-6.010700702667236,0.0012216568,0.0010288096964359283,No Significant Change
396,-6.01191,-6.010639667510986,-0.0012702942,0.0010384521447122097,No Significant Change
397,-6.00943,-6.010703086853027,0.0012731552,0.0010500442003831267,No Significant Change
398,-6.0340304,-6.010639190673828,-0.023391247,0.0010611996985971928,Very Low
